{
  "dashboard": {
    "KeyIndicators": {
      "Buildings completed (N)": {
        "Value": 15099.0,
        "Date": 2022.0,
        "previous_value": 15694.0,
        "Percentage Change": -3.791257805530776
      },
      "Apartments completed (N)": {
        "Value": 1335.0,
        "Date": 2022.0,
        "previous_value": 1180.0,
        "Percentage Change": 13.135593220338984
      },
      "Licensed apartments (N)": {
        "Value": 1592.0,
        "Date": 2022.0,
        "previous_value": 1540.0,
        "Percentage Change": 3.3766233766233764
      },
      "Purchase/sale contracts (N)": {
        "Value": 220156.0,
        "Date": 2019.0,
        "previous_value": 231288.0,
        "Percentage Change": -4.813046937151949
      },
      "Housing transactions (N)": {
        "Value": 130815.0,
        "Date": 2023.0,
        "previous_value": 160812.0,
        "Percentage Change": -18.653458697112153
      },
      "Avg. monthly earnings (\u20ac)": {
        "Value": 1294.1,
        "Date": 2021.0,
        "previous_value": 1250.8,
        "Percentage Change": 3.461784457946911
      },
      "Population density (N/km\u00b2)": {
        "Value": 112.5,
        "Date": 2022.0,
        "previous_value": 111.4,
        "Percentage Change": 0.9874326750448782
      },
      "Housing price index": {
        "Value": 212.45,
        "Date": 2024.0,
        "previous_value": 198.55,
        "Percentage Change": 7.0007554772097595
      }
    },
    "ComparativeTable": {
      "0": {
        "Location": "Amadora",
        "AVG Price (Sell)": 0.010170503155415567,
        "AVG Price per m\u00b2 (Sell)": 0.10033285917496437,
        "Properties Sold (Sell)": 85,
        "AVG Price (Rent)": 1262,
        "AVG Price per m\u00b2 (Rent)": 16,
        "Properties Sold (Rent)": 36,
        "Price-to-Rent Ratio": 0.09759776536312847,
        "Market Value": "20.48M",
        "1 Year Performance": 1.0,
        "Potential Yield": 0.829971181556196,
        "Affordability Score": 0.06936704256450281,
        "Affordability Rank": 2.0,
        "Profitability Score": 0.9149855907780979,
        "Profitability Rank": 1.0
      },
      "1": {
        "Location": "Cascais",
        "AVG Price (Sell)": 0.99,
        "AVG Price per m\u00b2 (Sell)": 0.99,
        "Properties Sold (Sell)": 87,
        "AVG Price (Rent)": 2650,
        "AVG Price per m\u00b2 (Rent)": 23,
        "Properties Sold (Rent)": 83,
        "Price-to-Rent Ratio": 0.9900000000000001,
        "Market Value": "81.46M",
        "1 Year Performance": 0.8539473684210528,
        "Potential Yield": 0.0,
        "Affordability Score": 0.9899999999999999,
        "Affordability Rank": 6.0,
        "Profitability Score": 0.4269736842105264,
        "Profitability Rank": 5.0
      },
      "2": {
        "Location": "Loures",
        "AVG Price (Sell)": 0.14006149789135708,
        "AVG Price per m\u00b2 (Sell)": 0.16501564722617346,
        "Properties Sold (Sell)": 64,
        "AVG Price (Rent)": 1679,
        "AVG Price per m\u00b2 (Rent)": 18,
        "Properties Sold (Rent)": 21,
        "Price-to-Rent Ratio": 0.14139664804469276,
        "Market Value": "21.32M",
        "1 Year Performance": 0.5657894736842104,
        "Potential Yield": 0.7636887608069164,
        "Affordability Score": 0.1488245977207411,
        "Affordability Rank": 3.0,
        "Profitability Score": 0.6647391172455634,
        "Profitability Rank": 3.0
      },
      "3": {
        "Location": "Odivelas",
        "AVG Price (Sell)": 0.13623151792094856,
        "AVG Price per m\u00b2 (Sell)": 0.15302702702702697,
        "Properties Sold (Sell)": 54,
        "AVG Price (Rent)": 1487,
        "AVG Price per m\u00b2 (Rent)": 16,
        "Properties Sold (Rent)": 34,
        "Price-to-Rent Ratio": 0.27279329608938563,
        "Market Value": "17.84M",
        "1 Year Performance": 0.5460526315789473,
        "Potential Yield": 0.5763688760806919,
        "Affordability Score": 0.1873506136791204,
        "Affordability Rank": 4.0,
        "Profitability Score": 0.5612107538298197,
        "Profitability Rank": 4.0
      },
      "4": {
        "Location": "Oeiras",
        "AVG Price (Sell)": 0.3546502873592141,
        "AVG Price per m\u00b2 (Sell)": 0.4309957325746798,
        "Properties Sold (Sell)": 72,
        "AVG Price (Rent)": 1698,
        "AVG Price per m\u00b2 (Rent)": 17,
        "Properties Sold (Rent)": 50,
        "Price-to-Rent Ratio": 0.617709497206704,
        "Market Value": "34.95M",
        "1 Year Performance": 0.0,
        "Potential Yield": 0.23054755043227682,
        "Affordability Score": 0.4677851723801993,
        "Affordability Rank": 5.0,
        "Profitability Score": 0.11527377521613841,
        "Profitability Rank": 6.0
      },
      "5": {
        "Location": "Sintra",
        "AVG Price (Sell)": 0.010000000000000009,
        "AVG Price per m\u00b2 (Sell)": 0.010000000000000009,
        "Properties Sold (Sell)": 155,
        "AVG Price (Rent)": 1379,
        "AVG Price per m\u00b2 (Rent)": 16,
        "Properties Sold (Rent)": 47,
        "Price-to-Rent Ratio": 0.010000000000000009,
        "Market Value": "37.34M",
        "1 Year Performance": 0.4881578947368421,
        "Potential Yield": 1.0,
        "Affordability Score": 0.010000000000000009,
        "Affordability Rank": 1.0,
        "Profitability Score": 0.7440789473684211,
        "Profitability Rank": 2.0
      }
    },
    "AffordabilityTable": {
      "0": {
        "Location": "Amadora",
        "Affordability Score": 0.06936704256450281,
        "Affordability Rank": 2.0
      },
      "1": {
        "Location": "Cascais",
        "Affordability Score": 0.9899999999999999,
        "Affordability Rank": 6.0
      },
      "2": {
        "Location": "Loures",
        "Affordability Score": 0.1488245977207411,
        "Affordability Rank": 3.0
      },
      "3": {
        "Location": "Odivelas",
        "Affordability Score": 0.1873506136791204,
        "Affordability Rank": 4.0
      },
      "4": {
        "Location": "Oeiras",
        "Affordability Score": 0.4677851723801993,
        "Affordability Rank": 5.0
      },
      "5": {
        "Location": "Sintra",
        "Affordability Score": 0.010000000000000009,
        "Affordability Rank": 1.0
      }
    },
    "profitableCities": {
      "0": {
        "Location": "Amadora",
        "Profitability Score": 0.9149855907780979,
        "Profitability Rank": 1.0
      },
      "5": {
        "Location": "Sintra",
        "Profitability Score": 0.7440789473684211,
        "Profitability Rank": 2.0
      },
      "2": {
        "Location": "Loures",
        "Profitability Score": 0.6647391172455634,
        "Profitability Rank": 3.0
      },
      "3": {
        "Location": "Odivelas",
        "Profitability Score": 0.5612107538298197,
        "Profitability Rank": 4.0
      },
      "1": {
        "Location": "Cascais",
        "Profitability Score": 0.4269736842105264,
        "Profitability Rank": 5.0
      },
      "4": {
        "Location": "Oeiras",
        "Profitability Score": 0.11527377521613841,
        "Profitability Rank": 6.0
      }
    }
  },
  "Market Analysis": {
    "key indicatores Market": [
      {
        "Popula\u00e7\u00e3o desempregada com idade entre 16 e 74 anos (N.\u00ba) por Grupo et\u00e1rio; Mensal (2) ": 391.2,
        "Avaliacoes Total": 430.0,
        "Pre\u00e7o m\u00e9dio_sell": 781410.0,
        "Novas propriedades \u00fanicas_sell": 35.0,
        "Propriedades vendida e retiradas_sell": 30.0,
        "Pre\u00e7o m\u00e9dio_rent": 2192.0
      }
    ]
  }
}
